Timestamp,Source IP Address,Destination IP Address,Source Port,Destination Port,Protocol,Packet Length,Packet Type,Traffic Type,Payload Data,Malware Indicators,Anomaly Scores,Alerts/Warnings,Attack Type,Attack Signature,Action Taken,Severity Level,User Information,Device Information,Network Segment,Geo-location Data,Proxy Information,Firewall Logs,IDS/IPS Alerts,Log Source
2024-05-13 22:31:26,171.85.57.218,99.31.10.152,39665,31308,TCP,719,Data,DNS,-,,32.47,Alert Triggered,DDoS,Known Pattern A,Ignored,Low,Rania Khatri,Mozilla/5.0 (Linux; Android 2.3.3) AppleWebKit/536.1 (KHTML like Gecko) Chrome/58.0.896.0 Safari/536.1,Segment A,Vienna.Vancouver,79.4.90.178,Log Data,,Firewall
2024-05-13 22:26:51,231.157.130.115,189.46.108.235,25445,44608,TCP,1467,Control,HTTP,-,IoC Detected,78.96,,DDoS,Known Pattern B,Logged,High,Vanya Solanki,Mozilla/5.0 (iPhone; CPU iPhone OS 14_2 like Mac OS X) AppleWebKit/531.2 (KHTML like Gecko) FxiOS/14.6s8029.0 Mobile/94W042 Safari/531.2,Segment A,Shanghai.London,55.178.8.197,Log Data,Alert Data,Firewall
2024-05-13 04:14:26,165.9.181.142,249.79.108.169,57876,10104,TCP,1351,Data,HTTP,-,,78.99,,Malware,Known Pattern B,Ignored,Low,Nirvi Kaul,Mozilla/5.0 (Windows 98; Win 9x 4.90) AppleWebKit/535.1 (KHTML like Gecko) Chrome/42.0.873.0 Safari/535.1,Segment B,Beijing.Lisbon,21.85.123.128,Log Data,Alert Data,Firewall
2024-05-13 05:27:10,129.3.140.89,56.167.139.157,26532,4357,TCP,1491,Control,HTTP,-,IoC Detected,1.03,,Malware,Known Pattern B,Ignored,Medium,Krish Bora,Mozilla/5.0 (X11; Linux x86_64) AppleWebKit/531.0 (KHTML like Gecko) Chrome/29.0.826.0 Safari/531.0,Segment A,Guangzhou.Atlanta,13.54.21.154,,Alert Data,Server
2024-05-13 14:05:43,52.206.111.125,26.201.243.66,17677,45583,ICMP,719,Data,FTP,-,,97.68,Alert Triggered,Intrusion,Known Pattern B,Logged,High,Darshit Ramakrishnan,Mozilla/5.0 (Android 2.3; Mobile; rv:30.0) Gecko/30.0 Firefox/30.0,Segment C,Hindupur.Sikkim,174.125.10.147,Log Data,Alert Data,Server
2024-05-13 12:22:48,4.58.92.238,10.169.181.78,61536,51053,TCP,1048,Data,DNS,-,IoC Detected,43.8,Alert Triggered,Malware,Known Pattern B,Blocked,Low,Bhamini Hora,Mozilla/5.0 (Macintosh; U; PPC Mac OS X 10_12_5 rv:4.0; fr-LU) AppleWebKit/532.49.2 (KHTML like Gecko) Version/4.0.2 Safari/532.49.2,Segment A,Vienna.New York City,215.130.65.75,,,Server
2024-05-13 02:42:57,228.235.237.61,109.225.129.116,17851,17108,UDP,171,Data,DNS,-,,30.34,,Intrusion,Known Pattern A,Logged,Low,Veer Lad,Mozilla/5.0 (Windows NT 5.2) AppleWebKit/532.0 (KHTML like Gecko) Chrome/53.0.833.0 Safari/532.0,Segment A,Miami.Brussels,,,Alert Data,Firewall
2024-05-13 11:23:03,197.181.108.252,83.110.186.210,38062,10909,TCP,1096,Data,HTTP,-,,32.54,,Malware,Known Pattern B,Ignored,Medium,Purab Varughese,Opera/9.52.(Windows NT 6.0; szl-PL) Presto/2.9.180 Version/10.00,Segment C,Raebareli.West Bengal,,Log Data,Alert Data,Server
2024-05-13 08:55:16,113.73.166.110,63.111.211.62,23450,6971,ICMP,931,Control,DNS,-,,12.08,Alert Triggered,DDoS,Known Pattern A,Blocked,Low,Krish Sankar,Mozilla/5.0 (iPad; CPU iPad OS 4_2_1 like Mac OS X) AppleWebKit/531.0 (KHTML like Gecko) CriOS/22.0.887.0 Mobile/67P867 Safari/531.0,Segment B,Paris.Madrid,,Log Data,Alert Data,Firewall
2024-05-13 08:19:18,100.24.170.212,57.152.84.55,36684,16812,TCP,451,Data,FTP,-,IoC Detected,52.53,Alert Triggered,Malware,Known Pattern A,Blocked,Medium,Tejas Ratti,Opera/8.32.(Windows NT 6.1; pap-CW) Presto/2.9.169 Version/12.00,Segment B,Chinsurah.Telangana,145.49.19.86,,,Server
2024-05-13 21:28:53,105.206.17.227,79.243.31.147,55678,30414,UDP,417,Control,HTTP,-,,77.12,,Intrusion,Known Pattern A,Blocked,High,Gatik Dixit,Mozilla/5.0 (Windows; U; Windows NT 4.0) AppleWebKit/532.18.1 (KHTML like Gecko) Version/4.0 Safari/532.18.1,Segment B,Vienna.New York City,34.55.66.57,Log Data,,Firewall
2024-05-13 16:39:23,192.96.143.63,21.82.80.31,11322,33021,ICMP,130,Control,HTTP,-,IoC Detected,14.83,,DDoS,Known Pattern B,Blocked,Low,Ritvik Sami,Mozilla/5.0 (iPod; U; CPU iPhone OS 3_2 like Mac OS X; vi-VN) AppleWebKit/532.10.5 (KHTML like Gecko) Version/4.0.5 Mobile/8B117 Safari/6532.10.5,Segment B,Lisbon.Guangzhou,,Log Data,,Firewall
2024-05-13 02:48:01,123.253.175.67,176.172.76.211,52776,4074,UDP,199,Data,FTP,-,IoC Detected,80.15,Alert Triggered,Malware,Known Pattern A,Blocked,Low,Shalv Bhatnagar,Mozilla/5.0 (Windows NT 6.2; mni-IN; rv:1.9.0.20) Gecko/5766-12-01 19:30:49 Firefox/3.8,Segment A,Toronto.Madrid,133.38.68.74,,,Server
2024-05-13 20:16:37,254.217.167.252,97.38.16.207,56600,63575,TCP,1207,Data,FTP,-,,58.59,Alert Triggered,DDoS,Known Pattern A,Blocked,Low,Veer Dua,Mozilla/5.0 (Windows; U; Windows NT 5.2) AppleWebKit/533.41.3 (KHTML like Gecko) Version/4.0.2 Safari/533.41.3,Segment B,Shenzhen.Madrid,,,Alert Data,Firewall
2024-05-13 20:48:32,116.13.77.145,241.184.41.24,50682,19286,TCP,575,Data,DNS,-,,38.13,Alert Triggered,DDoS,Known Pattern A,Ignored,Low,Jivin Kannan,Mozilla/5.0 (iPad; CPU iPad OS 9_3_6 like Mac OS X) AppleWebKit/534.2 (KHTML like Gecko) FxiOS/15.7u6115.0 Mobile/83K303 Safari/534.2,Segment A,Toronto.Madrid,,Log Data,Alert Data,Firewall
2024-05-13 12:03:03,168.190.175.132,203.235.15.139,39821,32062,TCP,911,Control,HTTP,-,IoC Detected,58.29,Alert Triggered,Intrusion,Known Pattern B,Blocked,Low,Rasha Kalita,Mozilla/5.0 (Macintosh; PPC Mac OS X 10_10_5) AppleWebKit/534.0 (KHTML like Gecko) Chrome/27.0.887.0 Safari/534.0,Segment B,Vancouver.Rome,24.164.89.184,,,Firewall
2024-05-13 02:49:23,155.37.221.135,29.67.159.10,11871,4793,TCP,341,Data,DNS,-,,14.16,,DDoS,Known Pattern B,Ignored,Low,Mannat Dube,Mozilla/5.0 (Windows 98; Win 9x 4.90; ber-MA; rv:1.9.2.20) Gecko/5356-06-26 16:59:01 Firefox/12.0,Segment B,Wuhan.Berlin,,,,Firewall
2024-05-13 02:17:46,214.234.116.251,86.94.122.76,61297,1441,UDP,783,Control,FTP,-,,75.45,,Malware,Known Pattern A,Blocked,High,Samar Dash,Opera/9.27.(X11; Linux i686; gl-ES) Presto/2.9.183 Version/12.00,Segment C,Nanjing.Brussels,253.18.105.103,Log Data,,Firewall
2024-05-13 00:35:35,63.130.178.56,102.24.152.184,53884,7269,TCP,275,Control,FTP,-,,30.07,Alert Triggered,Malware,Known Pattern A,Logged,Low,Suhana Goel,Opera/9.32.(X11; Linux i686; nb-NO) Presto/2.9.173 Version/12.00,Segment C,Rome.Atlanta,,,,Firewall
2024-05-13 21:58:43,169.123.206.41,80.64.115.88,40813,3789,TCP,261,Control,FTP,-,,79.46,Alert Triggered,Malware,Known Pattern B,Ignored,High,Hiran Gola,Mozilla/5.0 (Macintosh; U; PPC Mac OS X 10_6_3; rv:1.9.4.20) Gecko/7935-12-17 21:28:08 Firefox/15.0,Segment A,Beijing.Amsterdam,,Log Data,Alert Data,Firewall
2024-05-13 14:21:37,83.97.2.7,85.206.47.82,48121,58224,TCP,514,Data,FTP,-,IoC Detected,22.8,,Malware,Known Pattern A,Blocked,Low,Zain Sharaf,Mozilla/5.0 (Macintosh; PPC Mac OS X 10_8_3 rv:5.0; kn-IN) AppleWebKit/532.50.5 (KHTML like Gecko) Version/5.0.2 Safari/532.50.5,Segment C,Toronto.Madrid,38.154.188.41,,Alert Data,Firewall
2024-05-13 03:31:16,39.225.218.151,193.148.226.52,30179,17506,UDP,696,Control,FTP,-,IoC Detected,43.19,Alert Triggered,Malware,Known Pattern A,Logged,Medium,Mamooty Brahmbhatt,Mozilla/5.0 (Macintosh; U; PPC Mac OS X 10_9_6 rv:6.0; pt-BR) AppleWebKit/532.46.6 (KHTML like Gecko) Version/5.0.4 Safari/532.46.6,Segment B,Lisbon.Beijing,,,,Server
2024-05-13 23:21:04,65.3.68.238,226.251.227.93,28180,46457,TCP,1008,Data,HTTP,-,,87.58,Alert Triggered,Malware,Known Pattern A,Blocked,High,Abram Barman,Mozilla/5.0 (Windows; U; Windows CE) AppleWebKit/535.3.2 (KHTML like Gecko) Version/4.0.2 Safari/535.3.2,Segment C,Beijing.Toronto,,,Alert Data,Firewall
2024-05-13 22:10:39,222.143.96.104,51.8.178.254,52473,43132,TCP,1243,Control,FTP,-,,36.8,,Malware,Known Pattern A,Ignored,Low,Raghav Sachdeva,Mozilla/5.0 (Windows; U; Windows NT 5.01) AppleWebKit/532.49.5 (KHTML like Gecko) Version/5.0.5 Safari/532.49.5,Segment C,Chicago.Beijing,,Log Data,Alert Data,Server
2024-05-13 18:48:35,117.218.73.77,30.109.200.105,8267,9649,TCP,1146,Control,DNS,-,IoC Detected,89.74,Alert Triggered,DDoS,Known Pattern B,Ignored,High,Shayak Varkey,Opera/8.71.(X11; Linux i686; iu-CA) Presto/2.9.188 Version/11.00,Segment B,Srinagar.Rajasthan,,Log Data,Alert Data,Firewall
2024-05-13 16:51:59,62.247.200.46,214.190.135.30,36486,29902,TCP,1198,Data,FTP,-,,80.62,,Intrusion,Known Pattern A,Ignored,Low,Prerak Dugal,Mozilla/5.0 (Windows; U; Windows NT 10.0) AppleWebKit/533.30.1 (KHTML like Gecko) Version/5.0 Safari/533.30.1,Segment A,Madrid.Toronto,,,Alert Data,Firewall
2024-05-13 11:38:34,112.17.58.66,186.171.110.216,54473,50520,TCP,1063,Data,DNS,-,IoC Detected,61.95,Alert Triggered,Malware,Known Pattern A,Blocked,Medium,Rania Kohli,Mozilla/5.0 (Macintosh; U; Intel Mac OS X 10_11_3; rv:1.9.3.20) Gecko/3699-07-21 22:19:17 Firefox/3.6.10,Segment A,Bhusawal.Gujarat,34.20.108.177,,Alert Data,Firewall
2024-05-13 06:44:30,230.130.70.157,153.23.195.163,20730,10275,UDP,1205,Control,HTTP,-,,81.19,,Intrusion,Known Pattern B,Ignored,High,Amani Deol,Mozilla/5.0 (Macintosh; Intel Mac OS X 10_6_4 rv:3.0; ber-MA) AppleWebKit/532.12.5 (KHTML like Gecko) Version/4.0.1 Safari/532.12.5,Segment B,Siwan.West Bengal,,,,Firewall
2024-05-13 01:04:41,179.58.250.255,208.80.230.141,60618,7852,TCP,1208,Data,FTP,-,IoC Detected,85.72,,DDoS,Known Pattern A,Logged,High,Arhaan Barman,Mozilla/5.0 (Windows; U; Windows NT 6.1) AppleWebKit/533.16.5 (KHTML like Gecko) Version/5.1 Safari/533.16.5,Segment A,Beijing.Los Angeles,48.245.247.135,,,Firewall
2024-05-13 20:12:52,221.48.7.35,145.92.231.145,8474,57484,TCP,379,Control,FTP,-,IoC Detected,79.34,,DDoS,Known Pattern A,Ignored,High,Dharmajan Desai,Opera/9.34.(X11; Linux i686; bs-BA) Presto/2.9.162 Version/12.00,Segment B,Proddatur.Goa,200.58.221.6,,Alert Data,Firewall
2024-05-13 11:26:11,211.42.1.96,164.138.43.190,64253,45542,UDP,519,Control,DNS,-,,18.82,Alert Triggered,DDoS,Known Pattern B,Blocked,Low,Ira Seth,Opera/9.76.(Windows NT 5.2; bs-BA) Presto/2.9.166 Version/11.00,Segment B,Brussels.Chicago,68.149.234.199,Log Data,Alert Data,Server
2024-05-13 18:43:16,208.233.217.62,177.54.22.212,56586,21539,UDP,595,Data,FTP,-,IoC Detected,96.82,,DDoS,Known Pattern A,Blocked,Medium,Gokul Goda,Mozilla/5.0 (X11; Linux i686) AppleWebKit/536.2 (KHTML like Gecko) Chrome/30.0.846.0 Safari/536.2,Segment C,Arrah.New York City,,Log Data,,Server
2024-05-13 06:35:43,201.28.241.150,246.230.119.105,33451,18754,TCP,988,Data,FTP,-,,49.4,Alert Triggered,Intrusion,Known Pattern B,Blocked,Medium,Adira Mandal,Mozilla/5.0 (Windows; U; Windows NT 5.1) AppleWebKit/535.45.4 (KHTML like Gecko) Version/4.0.3 Safari/535.45.4,Segment C,Rome.Houston,250.14.132.181,,,Firewall
2024-05-13 11:07:04,207.68.236.34,86.24.54.18,60106,15422,TCP,780,Data,DNS,-,IoC Detected,96.01,,DDoS,Known Pattern A,Logged,High,Miraya Aggarwal,Mozilla/5.0 (iPod; U; CPU iPhone OS 4_0 like Mac OS X; mhr-RU) AppleWebKit/532.24.2 (KHTML like Gecko) Version/3.0.5 Mobile/8B112 Safari/6532.24.2,Segment C,Erode.Andhra Pradesh,75.91.196.78,,Alert Data,Firewall
2024-05-13 18:05:11,225.154.218.187,251.17.151.21,54488,61631,ICMP,1460,Control,HTTP,-,IoC Detected,32.62,Alert Triggered,Malware,Known Pattern A,Blocked,Medium,Kimaya Konda,Opera/8.68.(Windows NT 6.1; ss-ZA) Presto/2.9.165 Version/11.00,Segment C,Lisbon.Guangzhou,,Log Data,Alert Data,Firewall
2024-05-13 03:26:33,175.80.230.235,84.132.84.7,58501,18978,TCP,429,Data,HTTP,-,IoC Detected,93.58,Alert Triggered,DDoS,Known Pattern B,Logged,Medium,Anahita Ramachandran,Mozilla/5.0 (Macintosh; Intel Mac OS X 10_8_4 rv:5.0; iw-IL) AppleWebKit/532.47.3 (KHTML like Gecko) Version/4.1 Safari/532.47.3,Segment A,Sambalpur.Arunachal Pradesh,,Log Data,Alert Data,Firewall
2024-05-13 10:29:58,84.74.95.236,113.240.233.144,27663,15858,TCP,1235,Data,DNS,-,IoC Detected,41.61,,Intrusion,Known Pattern B,Ignored,Low,Baiju Dhillon,Mozilla/5.0 (Windows; U; Windows NT 5.01) AppleWebKit/531.25.1 (KHTML like Gecko) Version/5.0 Safari/531.25.1,Segment A,Lisbon.Guangzhou,,,Alert Data,Server
2024-05-13 00:09:09,49.46.150.16,70.194.129.11,46415,37187,TCP,1462,Control,HTTP,-,IoC Detected,78.62,Alert Triggered,DDoS,Known Pattern B,Ignored,Medium,Kaira Wadhwa,Opera/8.45.(X11; Linux x86_64; hy-AM) Presto/2.9.190 Version/11.00,Segment B,Chongqing.New York City,,,,Firewall
2024-05-13 08:36:18,18.25.24.92,23.46.17.176,9825,43952,TCP,1309,Control,FTP,-,IoC Detected,90.24,,Intrusion,Known Pattern A,Blocked,High,Samarth Kalita,Mozilla/5.0 (Macintosh; U; PPC Mac OS X 10_10_9) AppleWebKit/535.1 (KHTML like Gecko) Chrome/28.0.892.0 Safari/535.1,Segment C,Ajmer.Goa,,Log Data,,Firewall
2024-05-13 00:09:16,59.52.155.205,109.1.75.164,52421,2488,TCP,379,Data,FTP,-,,93.09,,DDoS,Known Pattern A,Ignored,High,Pihu Suri,Mozilla/5.0 (Macintosh; PPC Mac OS X 10_7_9 rv:2.0; li-NL) AppleWebKit/532.45.1 (KHTML like Gecko) Version/4.1 Safari/532.45.1,Segment B,Chongqing.Rome,170.149.204.51,,Alert Data,Server
2024-05-13 03:19:42,95.167.203.218,106.200.50.108,34465,61011,UDP,243,Data,DNS,-,IoC Detected,18.42,,DDoS,Known Pattern B,Blocked,Medium,Jayan Buch,Mozilla/5.0 (X11; Linux i686) AppleWebKit/532.1 (KHTML like Gecko) Chrome/17.0.868.0 Safari/532.1,Segment A,Paris.Beijing,,Log Data,Alert Data,Server
2024-05-13 10:53:59,18.84.132.19,110.153.102.134,61289,45085,TCP,475,Data,FTP,-,IoC Detected,78.21,Alert Triggered,DDoS,Known Pattern A,Ignored,Medium,Miraan Vig,Mozilla/5.0 (Windows; U; Windows NT 6.0) AppleWebKit/535.50.7 (KHTML like Gecko) Version/5.1 Safari/535.50.7,Segment A,Vienna.New York City,170.90.212.60,Log Data,Alert Data,Firewall
2024-05-13 23:02:50,55.77.10.163,35.243.66.70,24666,25202,TCP,1483,Control,FTP,-,,86.74,,Malware,Known Pattern B,Ignored,High,Ojas Sundaram,Mozilla/5.0 (iPod; U; CPU iPhone OS 4_3 like Mac OS X; lg-UG) AppleWebKit/535.11.4 (KHTML like Gecko) Version/4.0.5 Mobile/8B115 Safari/6535.11.4,Segment A,Jabalpur.Punjab,219.148.241.120,,,Server
2024-05-13 04:12:29,127.132.253.238,162.72.238.238,20477,20958,TCP,1473,Data,HTTP,-,IoC Detected,37.17,,DDoS,Known Pattern B,Ignored,Low,Zaina Bail,Mozilla/5.0 (Windows; U; Windows NT 4.0) AppleWebKit/534.9.5 (KHTML like Gecko) Version/4.0.4 Safari/534.9.5,Segment A,Miami.Vancouver,,Log Data,Alert Data,Firewall
2024-05-13 13:37:17,182.138.75.149,157.223.178.200,31943,3706,TCP,1430,Data,DNS,-,,28.66,Alert Triggered,Intrusion,Known Pattern A,Blocked,Medium,Dishani Anne,Mozilla/5.0 (Macintosh; PPC Mac OS X 10_11_1) AppleWebKit/534.2 (KHTML like Gecko) Chrome/15.0.801.0 Safari/534.2,Segment C,Madrid.Latur,,Log Data,Alert Data,Server
2024-05-13 23:46:54,215.129.181.89,41.90.197.1,34580,53391,ICMP,97,Control,HTTP,-,IoC Detected,64.93,,Malware,Known Pattern A,Logged,Low,Sara Chawla,Mozilla/5.0 (Linux; Android 3.2.1) AppleWebKit/533.0 (KHTML like Gecko) Chrome/30.0.841.0 Safari/533.0,Segment A,Deoghar.Shanghai,150.126.18.211,,,Server
2024-05-13 18:23:16,125.213.77.248,200.36.80.58,61024,26891,UDP,1356,Control,HTTP,-,,87.59,,Intrusion,Known Pattern B,Ignored,Medium,Ishita Sahni,Mozilla/5.0 (Android 3.2.5; Mobile; rv:50.0) Gecko/50.0 Firefox/50.0,Segment B,Hospet.Paris,,,Alert Data,Server
2024-05-13 05:06:41,49.47.13.101,88.180.6.121,24067,35469,TCP,932,Control,FTP,-,IoC Detected,75.07,,Intrusion,Known Pattern B,Blocked,High,Alia Ranganathan,Mozilla/5.0 (Macintosh; U; PPC Mac OS X 10_6_2 rv:3.0; doi-IN) AppleWebKit/531.5.7 (KHTML like Gecko) Version/5.1 Safari/531.5.7,Segment A,Shimla.Karnataka,98.236.26.168,Log Data,Alert Data,Server
2024-05-13 03:12:57,53.180.178.204,46.252.94.108,44091,53262,TCP,151,Control,HTTP,-,IoC Detected,99.31,Alert Triggered,Malware,Known Pattern B,Blocked,Low,Jhanvi Mangal,Mozilla/5.0 (Android 5.0.1; Mobile; rv:13.0) Gecko/13.0 Firefox/13.0,Segment A,Athens.Toronto,,,,Firewall
2024-05-13 23:20:53,218.156.213.53,102.216.218.129,49431,42585,ICMP,1152,Data,DNS,-,,45.24,,Malware,Known Pattern B,Logged,Medium,Ahana  Dave,Mozilla/5.0 (Windows; U; Windows 98; Win 9x 4.90) AppleWebKit/532.2.7 (KHTML like Gecko) Version/5.1 Safari/532.2.7,Segment B,Vancouver.Rome,244.158.228.222,Log Data,Alert Data,Server
2024-05-13 07:19:11,97.102.136.41,96.116.195.129,3172,24274,TCP,1199,Data,DNS,-,IoC Detected,0.44,,DDoS,Known Pattern A,Ignored,Low,Parinaaz Gala,Mozilla/5.0 (Windows; U; Windows NT 6.1) AppleWebKit/533.28.6 (KHTML like Gecko) Version/5.0 Safari/533.28.6,Segment B,Beijing.Himachal Pradesh,,Log Data,Alert Data,Server
2024-05-13 16:03:23,101.30.128.186,175.190.80.201,45616,16900,TCP,764,Data,HTTP,-,IoC Detected,88.62,,Intrusion,Known Pattern B,Blocked,Medium,Keya Balay,Opera/9.60.(Windows NT 5.0; ga-IE) Presto/2.9.178 Version/12.00,Segment C,Chicago.Brussels,232.190.107.225,Log Data,Alert Data,Server
2024-05-13 03:10:47,33.196.160.186,80.205.46.138,1505,28829,TCP,1397,Control,DNS,-,IoC Detected,57.27,,Malware,Known Pattern A,Logged,Low,Elakshi Buch,Mozilla/5.0 (iPad; CPU iPad OS 9_3_5 like Mac OS X) AppleWebKit/533.0 (KHTML like Gecko) FxiOS/10.9m8305.0 Mobile/01K274 Safari/533.0,Segment B,Siwan.Uttar Pradesh,67.99.150.15,Log Data,Alert Data,Server
2024-05-13 18:25:56,85.76.114.90,168.157.110.159,60880,30586,TCP,189,Data,DNS,-,,41.8,,DDoS,Known Pattern A,Blocked,Medium,Oorja Saran,Mozilla/5.0 (Windows; U; Windows NT 6.0) AppleWebKit/534.19.5 (KHTML like Gecko) Version/5.0 Safari/534.19.5,Segment C,New York City.Assam,163.187.149.162,,Alert Data,Server
2024-05-13 18:08:15,104.168.184.7,184.169.128.134,52103,4348,TCP,390,Data,DNS,-,IoC Detected,86.27,Alert Triggered,Malware,Known Pattern B,Ignored,High,Kismat Chanda,Mozilla/5.0 (iPod; U; CPU iPhone OS 3_3 like Mac OS X; sk-SK) AppleWebKit/531.45.6 (KHTML like Gecko) Version/3.0.5 Mobile/8B112 Safari/6531.45.6,Segment C,Anantapuram.Kerala,,,,Firewall
2024-05-13 01:24:46,156.56.88.50,240.222.147.150,32585,54832,ICMP,261,Data,FTP,-,IoC Detected,69.41,,Intrusion,Known Pattern A,Logged,Medium,Amira Brar,Mozilla/5.0 (Linux; Android 2.2.3) AppleWebKit/531.1 (KHTML like Gecko) Chrome/28.0.813.0 Safari/531.1,Segment A,Chengdu.London,,Log Data,,Firewall
2024-05-13 11:54:08,195.233.235.129,148.100.222.117,24617,8292,TCP,1240,Data,DNS,-,,31.11,,DDoS,Known Pattern B,Blocked,Low,Kavya Rajan,Mozilla/5.0 (X11; Linux x86_64) AppleWebKit/535.2 (KHTML like Gecko) Chrome/60.0.838.0 Safari/535.2,Segment B,Mexico City.Berlin,,Log Data,Alert Data,Server
2024-05-13 07:07:25,172.22.209.244,248.43.96.201,25026,39176,TCP,828,Data,DNS,-,,96.36,Alert Triggered,Intrusion,Known Pattern B,Blocked,High,Shlok Sura,Mozilla/5.0 (Macintosh; U; PPC Mac OS X 10_12_0) AppleWebKit/532.2 (KHTML like Gecko) Chrome/29.0.824.0 Safari/532.2,Segment B,Proddatur.Goa,86.190.109.169,Log Data,Alert Data,Firewall
2024-05-13 06:30:37,61.33.73.74,225.99.32.202,20108,25942,TCP,363,Control,HTTP,-,,89.68,Alert Triggered,Intrusion,Known Pattern A,Ignored,High,Stuvan Sharma,Mozilla/5.0 (Macintosh; Intel Mac OS X 10_10_2; rv:1.9.2.20) Gecko/9498-07-14 20:26:41 Firefox/3.8,Segment C,Houston.Athens,112.230.228.165,,,Server
2024-05-13 17:59:44,103.220.122.11,81.152.27.70,60198,1296,TCP,958,Data,HTTP,-,,71.37,Alert Triggered,DDoS,Known Pattern B,Ignored,Medium,Reyansh Gola,Mozilla/5.0 (Macintosh; PPC Mac OS X 10_5_5) AppleWebKit/535.0 (KHTML like Gecko) Chrome/63.0.832.0 Safari/535.0,Segment C,Maheshtala.Madhya Pradesh,,,Alert Data,Firewall
2024-05-13 01:32:48,118.20.14.66,163.205.241.183,24320,8876,UDP,860,Control,HTTP,-,,71.57,,DDoS,Known Pattern B,Logged,Medium,Rohan Bawa,Mozilla/5.0 (Macintosh; U; PPC Mac OS X 10_11_9 rv:5.0; gd-GB) AppleWebKit/531.29.1 (KHTML like Gecko) Version/5.0 Safari/531.29.1,Segment C,Rome.Houston,58.102.243.165,Log Data,Alert Data,Server
2024-05-13 03:40:27,30.167.135.56,72.90.242.39,58254,28367,TCP,1452,Control,HTTP,-,IoC Detected,47.44,Alert Triggered,Intrusion,Known Pattern B,Blocked,Low,Nitara Vig,Mozilla/5.0 (Macintosh; U; PPC Mac OS X 10_5_6 rv:5.0; as-IN) AppleWebKit/533.20.4 (KHTML like Gecko) Version/4.0 Safari/533.20.4,Segment A,London.Beijing,122.136.183.87,Log Data,,Server
2024-05-13 11:02:32,238.31.79.140,229.130.78.4,50541,35603,TCP,1291,Data,FTP,-,IoC Detected,13.56,,Intrusion,Known Pattern A,Blocked,Medium,Neelofar Shere,Mozilla/5.0 (Windows 98; tg-TJ; rv:1.9.1.20) Gecko/2179-02-10 08:53:57 Firefox/3.8,Segment C,Wuhan.Amsterdam,35.115.203.132,Log Data,,Server
2024-05-13 12:29:14,11.130.11.202,137.237.107.66,25267,65072,UDP,1087,Data,FTP,-,,94.25,Alert Triggered,Malware,Known Pattern A,Blocked,High,Advik Sibal,Mozilla/5.0 (Macintosh; U; PPC Mac OS X 10_7_4; rv:1.9.4.20) Gecko/5207-06-21 05:31:47 Firefox/3.8,Segment C,Wuhan.Uttar Pradesh,,,,Server
2024-05-13 15:59:54,193.200.159.134,167.222.215.123,31991,22306,UDP,738,Data,HTTP,-,IoC Detected,5.18,Alert Triggered,Malware,Known Pattern A,Logged,Low,Zara Datta,Mozilla/5.0 (Macintosh; U; PPC Mac OS X 10_8_3; rv:1.9.3.20) Gecko/3219-09-13 02:49:54 Firefox/3.6.5,Segment B,Hangzhou.Madrid,,,,Server
2024-05-13 12:55:32,162.75.177.145,191.197.235.153,21107,17716,TCP,1283,Control,HTTP,-,,90.85,Alert Triggered,DDoS,Known Pattern B,Ignored,High,Mahika Sahota,Opera/9.61.(X11; Linux i686; el-CY) Presto/2.9.170 Version/10.00,Segment B,Brussels.Los Angeles,,,Alert Data,Firewall
2024-05-13 08:52:03,141.42.128.164,44.135.106.3,64751,21191,TCP,466,Control,HTTP,-,,51.29,Alert Triggered,Intrusion,Known Pattern B,Blocked,Medium,Sara Mani,Mozilla/5.0 (Windows NT 4.0; gl-ES; rv:1.9.0.20) Gecko/8700-12-29 17:46:57 Firefox/15.0,Segment B,Paris.Madrid,,,Alert Data,Firewall
2024-05-13 06:34:27,48.152.228.80,193.3.197.81,30839,57164,TCP,993,Control,HTTP,-,IoC Detected,51.93,Alert Triggered,Intrusion,Known Pattern B,Blocked,Medium,Azad Brar,Mozilla/5.0 (Android 7.1; Mobile; rv:52.0) Gecko/52.0 Firefox/52.0,Segment B,Brussels.Los Angeles,60.119.73.243,Log Data,,Firewall
2024-05-13 10:59:16,84.166.68.36,211.200.62.245,20794,27809,TCP,635,Control,FTP,-,IoC Detected,29.21,Alert Triggered,Intrusion,Known Pattern B,Blocked,Medium,Taimur Tiwari,Opera/8.43.(Windows 98; tg-TJ) Presto/2.9.160 Version/11.00,Segment B,Vienna.Latur,180.102.77.158,,,Firewall
2024-05-13 09:10:24,248.24.6.119,174.58.155.106,37979,50474,TCP,273,Control,HTTP,-,IoC Detected,53.35,Alert Triggered,Malware,Known Pattern B,Blocked,Low,Keya Dasgupta,Mozilla/5.0 (iPad; CPU iPad OS 9_3_5 like Mac OS X) AppleWebKit/534.0 (KHTML like Gecko) FxiOS/12.2u3973.0 Mobile/47U944 Safari/534.0,Segment C,Proddatur.Kerala,223.39.134.172,Log Data,,Server
2024-05-13 12:39:40,196.132.211.136,149.133.58.197,52109,25328,TCP,1204,Control,DNS,-,IoC Detected,85.35,,DDoS,Known Pattern A,Blocked,High,Aarush Salvi,Mozilla/5.0 (Windows NT 10.0) AppleWebKit/536.1 (KHTML like Gecko) Chrome/50.0.888.0 Safari/536.1,Segment A,Xi'an.Lisbon,48.177.144.218,,Alert Data,Server
2024-05-13 06:39:37,216.30.171.78,109.21.164.185,20220,51641,TCP,84,Control,HTTP,-,,76.19,,DDoS,Known Pattern B,Blocked,High,Urvi Sachar,Opera/8.57.(X11; Linux x86_64; lv-LV) Presto/2.9.176 Version/12.00,Segment A,Erode.Andhra Pradesh,206.34.67.216,Log Data,,Firewall
2024-05-13 07:56:50,144.38.15.133,155.125.110.174,41691,43608,TCP,1018,Data,HTTP,-,IoC Detected,67.76,Alert Triggered,Intrusion,Known Pattern B,Blocked,Medium,Parinaaz Subramaniam,Mozilla/5.0 (iPod; U; CPU iPhone OS 4_2 like Mac OS X; tr-CY) AppleWebKit/535.47.3 (KHTML like Gecko) Version/4.0.5 Mobile/8B112 Safari/6535.47.3,Segment C,Lisbon.Guangzhou,221.162.33.192,Log Data,,Firewall
2024-05-13 01:49:31,110.175.101.90,172.240.2.29,47072,59232,TCP,1358,Control,FTP,-,IoC Detected,13.49,Alert Triggered,DDoS,Known Pattern B,Blocked,Low,Indrans Verma,Opera/8.49.(Windows 98; rw-RW) Presto/2.9.165 Version/12.00,Segment B,Shenzhen.Amsterdam,153.233.42.134,Log Data,,Server
2024-05-13 07:32:08,8.103.148.96,213.47.30.251,44466,58440,TCP,1004,Data,DNS,-,IoC Detected,4.03,,Malware,Known Pattern A,Blocked,Medium,Samiha Chauhan,Mozilla/5.0 (Windows; U; Windows 98; Win 9x 4.90) AppleWebKit/532.22.2 (KHTML like Gecko) Version/5.0 Safari/532.22.2,Segment C,Lisbon.Guangzhou,244.246.70.13,,,Server
2024-05-13 13:26:30,5.41.7.207,109.244.146.22,47007,6507,TCP,1041,Control,DNS,-,,43.08,,Malware,Known Pattern A,Ignored,Medium,Vidur Sen,Opera/9.16.(Windows NT 10.0; fur-IT) Presto/2.9.164 Version/11.00,Segment B,Vancouver.Rome,,,,Server
2024-05-13 13:37:23,207.184.224.250,113.142.14.157,10050,29715,TCP,457,Data,HTTP,-,IoC Detected,22.55,,Intrusion,Known Pattern A,Ignored,Low,Rhea Brahmbhatt,Mozilla/5.0 (iPod; U; CPU iPhone OS 4_1 like Mac OS X; iw-IL) AppleWebKit/531.9.2 (KHTML like Gecko) Version/3.0.5 Mobile/8B116 Safari/6531.9.2,Segment A,Paris.London,,Log Data,Alert Data,Server
2024-05-13 23:54:13,202.32.45.16,151.35.90.9,57169,23599,TCP,371,Data,FTP,-,,21.73,,Intrusion,Known Pattern B,Ignored,Medium,Vaibhav Bera,Mozilla/5.0 (iPad; CPU iPad OS 10_3_3 like Mac OS X) AppleWebKit/534.2 (KHTML like Gecko) FxiOS/9.1b3524.0 Mobile/62K176 Safari/534.2,Segment C,Lisbon.Guangzhou,,,Alert Data,Server
2024-05-13 07:38:14,43.44.118.98,41.140.63.76,31820,7325,UDP,1312,Data,HTTP,-,,35.72,,Malware,Known Pattern B,Logged,Low,Zaina Madan,Opera/9.41.(Windows NT 6.2; uk-UA) Presto/2.9.190 Version/10.00,Segment B,Bhalswa Jahangir Pur.Maharashtra,,Log Data,Alert Data,Firewall
2024-05-13 16:26:41,83.239.216.75,243.239.68.188,59887,6830,TCP,300,Data,FTP,-,IoC Detected,30.43,Alert Triggered,Intrusion,Known Pattern A,Blocked,Low,Sana Jha,Mozilla/5.0 (Macintosh; Intel Mac OS X 10_5_9; rv:1.9.5.20) Gecko/9433-04-20 05:25:08 Firefox/5.0,Segment C,Lisbon.Guangzhou,,Log Data,Alert Data,Server
2024-05-13 02:26:42,170.71.80.70,79.16.7.127,34955,49027,TCP,1293,Control,FTP,-,IoC Detected,0.38,,DDoS,Known Pattern B,Ignored,Low,Riaan Bera,Mozilla/5.0 (Windows NT 5.0) AppleWebKit/535.1 (KHTML like Gecko) Chrome/44.0.810.0 Safari/535.1,Segment A,Bellary.Uttarakhand,,,Alert Data,Server
2024-05-13 13:31:29,0.91.229.125,175.126.74.85,20941,8734,UDP,79,Data,HTTP,-,,76.44,,Malware,Known Pattern B,Blocked,High,Hunar Kota,Opera/9.59.(Windows NT 10.0; ig-NG) Presto/2.9.189 Version/11.00,Segment B,Shenzhen.Los Angeles,,Log Data,,Firewall
2024-05-13 04:07:57,73.229.51.14,153.237.178.229,17616,16852,TCP,832,Control,FTP,-,IoC Detected,10.18,,Malware,Known Pattern B,Logged,Medium,Charvi Dhillon,Opera/9.82.(X11; Linux i686; aa-ER) Presto/2.9.177 Version/12.00,Segment B,Hospet.Paris,194.7.30.113,Log Data,,Firewall
2024-05-13 13:59:58,131.122.60.156,197.17.219.229,10016,8109,TCP,1312,Data,DNS,-,IoC Detected,43.07,,Malware,Known Pattern A,Blocked,Low,Aradhya Sidhu,Mozilla/5.0 (X11; Linux x86_64; rv:1.9.6.20) Gecko/3347-10-07 01:50:35 Firefox/3.8,Segment B,Paris.Amsterdam,36.129.152.152,,Alert Data,Firewall
2024-05-13 04:11:00,191.101.147.49,240.132.152.208,29089,30640,TCP,1500,Control,HTTP,-,IoC Detected,55.23,Alert Triggered,DDoS,Known Pattern A,Blocked,Medium,Armaan Vasa,Opera/8.94.(Windows NT 6.2; oc-FR) Presto/2.9.183 Version/11.00,Segment A,Toronto.Madrid,218.123.56.24,,Alert Data,Firewall
2024-05-13 06:36:15,168.97.31.121,8.13.184.216,26402,13068,TCP,1213,Data,DNS,-,,87.12,Alert Triggered,Malware,Known Pattern B,Blocked,High,Hridaan Dash,Mozilla/5.0 (Macintosh; PPC Mac OS X 10_10_8 rv:4.0; mai-IN) AppleWebKit/534.18.7 (KHTML like Gecko) Version/5.0.3 Safari/534.18.7,Segment A,Siwan.West Bengal,,Log Data,,Server
2024-05-13 07:09:12,83.162.242.2,133.76.164.253,3538,24715,UDP,347,Control,DNS,-,IoC Detected,52.45,Alert Triggered,DDoS,Known Pattern A,Blocked,Low,Zoya Batra,Mozilla/5.0 (Macintosh; U; PPC Mac OS X 10_9_0 rv:3.0; nhn-MX) AppleWebKit/533.3.6 (KHTML like Gecko) Version/5.1 Safari/533.3.6,Segment A,Chongqing.Los Angeles,,Log Data,,Server
2024-05-13 01:39:15,184.136.25.82,230.64.253.60,34524,51110,UDP,401,Data,FTP,-,,39.98,Alert Triggered,Intrusion,Known Pattern A,Ignored,Low,Aarav Singhal,Mozilla/5.0 (Macintosh; U; Intel Mac OS X 10_7_3 rv:2.0; niu-NZ) AppleWebKit/534.2.3 (KHTML like Gecko) Version/5.0 Safari/534.2.3,Segment A,Athens.Shanghai,177.88.36.92,Log Data,,Firewall
2024-05-13 16:28:51,30.48.5.60,254.215.255.93,38538,22913,TCP,1266,Control,FTP,-,IoC Detected,41.62,Alert Triggered,Intrusion,Known Pattern A,Logged,Low,Saksham Sachdev,Mozilla/5.0 (iPod; U; CPU iPhone OS 4_3 like Mac OS X; or-IN) AppleWebKit/535.1.3 (KHTML like Gecko) Version/4.0.5 Mobile/8B112 Safari/6535.1.3,Segment B,Toronto.Shanghai,53.26.228.254,Log Data,,Firewall
2024-05-13 17:45:38,124.107.0.79,134.139.85.246,11371,51502,TCP,112,Control,DNS,-,,76.98,,DDoS,Known Pattern B,Blocked,Low,Sana Dara,Mozilla/5.0 (Android 4.0.4; Mobile; rv:5.0) Gecko/5.0 Firefox/5.0,Segment A,Atlanta.Amsterdam,115.38.68.153,,,Server
2024-05-13 23:04:20,246.214.219.249,223.194.2.49,59745,61575,TCP,1355,Control,FTP,-,,84.83,,DDoS,Known Pattern A,Blocked,Medium,Jiya Gupta,Opera/8.27.(Windows NT 5.0; uk-UA) Presto/2.9.187 Version/12.00,Segment B,Lisbon.Beijing,41.95.64.110,,,Firewall
2024-05-13 17:29:20,42.164.129.154,24.90.142.180,35051,8943,UDP,330,Control,HTTP,-,,42.52,Alert Triggered,DDoS,Known Pattern B,Ignored,Medium,Prisha Saraf,Mozilla/5.0 (Windows CE) AppleWebKit/532.0 (KHTML like Gecko) Chrome/22.0.835.0 Safari/532.0,Segment A,Chongqing.Los Angeles,,Log Data,,Server
2024-05-13 09:45:00,125.65.206.161,50.51.203.125,29614,15253,UDP,1399,Control,HTTP,-,IoC Detected,42.55,Alert Triggered,DDoS,Known Pattern A,Blocked,Low,Mishti Khatri,Mozilla/5.0 (Macintosh; U; PPC Mac OS X 10_6_9) AppleWebKit/531.1 (KHTML like Gecko) Chrome/14.0.812.0 Safari/531.1,Segment C,Toronto.Madrid,,Log Data,Alert Data,Firewall
2024-05-13 10:32:51,251.136.67.22,253.67.176.103,36547,58912,TCP,1059,Control,DNS,-,IoC Detected,74.84,,DDoS,Known Pattern B,Logged,Low,Aradhya Chada,Opera/8.26.(Windows NT 6.1; mn-MN) Presto/2.9.172 Version/12.00,Segment A,Los Angeles.Brussels,178.249.26.137,,Alert Data,Server
2024-05-13 12:36:40,200.208.170.106,121.0.134.148,43963,64065,TCP,704,Control,DNS,-,,40.51,Alert Triggered,Intrusion,Known Pattern A,Logged,Low,Nehmat Gala,Opera/9.11.(X11; Linux x86_64; ca-ES) Presto/2.9.169 Version/10.00,Segment A,Houston.Athens,7.73.173.129,Log Data,,Firewall
2024-05-13 16:05:48,228.26.244.57,59.120.225.173,12900,9292,TCP,665,Data,DNS,-,,52.79,Alert Triggered,Intrusion,Known Pattern A,Blocked,Medium,Kimaya Dua,Mozilla/5.0 (iPad; CPU iPad OS 12_4_8 like Mac OS X) AppleWebKit/536.2 (KHTML like Gecko) CriOS/40.0.802.0 Mobile/13R978 Safari/536.2,Segment C,Toronto.Shanghai,,,,Firewall
2024-05-13 19:10:12,111.138.209.195,174.147.196.77,7346,7141,TCP,319,Data,DNS,-,,49.04,,Malware,Known Pattern A,Blocked,Medium,Saanvi Kalita,Opera/9.89.(Windows NT 6.2; iw-IL) Presto/2.9.172 Version/10.00,Segment B,Nanjing.Vancouver,192.241.65.172,,Alert Data,Server
2024-05-13 05:37:11,38.30.10.123,64.71.172.122,39779,18802,ICMP,397,Control,DNS,-,,54.17,Alert Triggered,DDoS,Known Pattern A,Ignored,Medium,Urvi Sandhu,Mozilla/5.0 (Windows; U; Windows 98) AppleWebKit/533.1.4 (KHTML like Gecko) Version/4.1 Safari/533.1.4,Segment A,Vienna.Los Angeles,46.173.36.76,Log Data,Alert Data,Server
2024-05-13 05:20:12,119.153.52.90,73.99.49.210,54725,18960,UDP,1332,Data,FTP,-,,74.78,Alert Triggered,DDoS,Known Pattern A,Blocked,Medium,Dishani Subramanian,Opera/8.13.(Windows CE; ts-ZA) Presto/2.9.168 Version/10.00,Segment C,Danapur.Andhra Pradesh,229.182.178.165,,,Server
2024-05-13 16:43:44,211.201.23.178,107.148.15.162,37948,4205,TCP,1462,Control,DNS,-,IoC Detected,13.73,,Malware,Known Pattern A,Blocked,Low,Faiyaz Sarkar,Mozilla/5.0 (Linux; Android 2.3.7) AppleWebKit/536.1 (KHTML like Gecko) Chrome/25.0.813.0 Safari/536.1,Segment B,Beijing.Amsterdam,,Log Data,,Firewall
2024-05-13 01:07:45,71.49.145.65,72.126.114.169,10124,13097,TCP,927,Data,DNS,-,IoC Detected,23.6,Alert Triggered,Malware,Known Pattern A,Logged,Low,Anahi Shah,Mozilla/5.0 (iPod; U; CPU iPhone OS 4_2 like Mac OS X; gez-ET) AppleWebKit/534.49.1 (KHTML like Gecko) Version/4.0.5 Mobile/8B114 Safari/6534.49.1,Segment C,Brussels.Houston,,,Alert Data,Firewall
2024-05-13 10:29:48,8.81.153.81,191.60.22.254,51216,44762,UDP,420,Control,FTP,-,,85.96,,Malware,Known Pattern B,Ignored,Medium,Nirvaan Bobal,Mozilla/5.0 (Windows; U; Windows NT 10.0) AppleWebKit/533.38.1 (KHTML like Gecko) Version/5.0 Safari/533.38.1,Segment C,Kakinada.Manipur,,,Alert Data,Server
2024-05-13 00:49:10,11.254.205.238,66.52.46.120,11341,47487,TCP,172,Data,HTTP,-,IoC Detected,43.59,,Intrusion,Known Pattern B,Blocked,Medium,Ivan Chadha,Opera/9.61.(X11; Linux i686; fil-PH) Presto/2.9.160 Version/12.00,Segment A,Aligarh.Maharashtra,192.91.132.106,,,Server
2024-05-13 03:22:22,138.48.171.210,150.247.187.13,27652,7437,TCP,1417,Control,FTP,-,IoC Detected,18.49,Alert Triggered,Malware,Known Pattern B,Blocked,Low,Mahika Kurian,Mozilla/5.0 (Windows 98; Win 9x 4.90) AppleWebKit/533.2 (KHTML like Gecko) Chrome/34.0.823.0 Safari/533.2,Segment B,Anantapuram.Kerala,198.82.125.138,,Alert Data,Firewall
2024-05-13 02:14:39,14.8.202.191,42.166.40.188,22924,27336,TCP,1004,Control,DNS,-,IoC Detected,80.68,Alert Triggered,DDoS,Known Pattern A,Ignored,Low,Anaya Baria,Mozilla/5.0 (Windows NT 5.1) AppleWebKit/531.2 (KHTML like Gecko) Chrome/41.0.885.0 Safari/531.2,Segment B,Chicago.Berlin,,,,Firewall
2024-05-13 10:33:46,133.20.251.2,149.112.204.13,52154,39460,ICMP,225,Data,HTTP,-,,63.92,,Malware,Known Pattern B,Ignored,Low,Riaan Bala,Mozilla/5.0 (Macintosh; U; Intel Mac OS X 10_10_6; rv:1.9.4.20) Gecko/4902-01-01 06:42:46 Firefox/3.6.10,Segment A,Proddatur.Kerala,135.62.123.11,Log Data,Alert Data,Server
2024-05-13 02:17:52,10.162.113.118,176.160.233.34,42864,1268,UDP,848,Control,DNS,-,,45.05,Alert Triggered,DDoS,Known Pattern B,Blocked,Medium,Anahita Deol,Opera/8.84.(Windows 98; Win 9x 4.90; crh-UA) Presto/2.9.163 Version/12.00,Segment A,Chicago.Brussels,221.26.206.177,Log Data,Alert Data,Server
2024-05-13 14:51:12,13.38.64.114,196.35.110.254,28576,17315,UDP,305,Data,HTTP,-,IoC Detected,89.32,,Malware,Known Pattern A,Blocked,High,Manjari Swaminathan,Mozilla/5.0 (Windows 95; wal-ET; rv:1.9.2.20) Gecko/7867-10-25 14:15:54 Firefox/3.8,Segment A,Shanghai.London,216.88.194.192,,,Server
2024-05-13 15:37:19,58.22.175.250,126.214.247.18,34290,1342,ICMP,929,Data,HTTP,-,,83.24,Alert Triggered,Malware,Known Pattern B,Blocked,Low,Manikya Kothari,Mozilla/5.0 (iPod; U; CPU iPhone OS 3_3 like Mac OS X; iu-CA) AppleWebKit/534.34.3 (KHTML like Gecko) Version/3.0.5 Mobile/8B117 Safari/6534.34.3,Segment C,Vienna.Vancouver,,,,Firewall
2024-05-13 01:08:40,213.209.118.25,101.38.189.35,44888,50803,TCP,942,Data,FTP,-,,75.49,,Malware,Known Pattern A,Ignored,High,Ivana Sen,Opera/9.58.(Windows NT 5.0; hsb-DE) Presto/2.9.187 Version/11.00,Segment C,Guangzhou.Berlin,,Log Data,Alert Data,Firewall
2024-05-13 14:56:46,153.77.121.72,206.130.147.242,53780,4199,TCP,1342,Data,DNS,-,IoC Detected,31.33,,DDoS,Known Pattern B,Ignored,Medium,Vaibhav Mahajan,Mozilla/5.0 (Macintosh; PPC Mac OS X 10_6_3 rv:4.0; ku-TR) AppleWebKit/532.16.7 (KHTML like Gecko) Version/4.0.5 Safari/532.16.7,Segment C,Nanjing.Brussels,56.228.10.189,Log Data,Alert Data,Server
2024-05-13 13:35:38,12.69.189.25,69.232.199.11,28564,22018,TCP,689,Control,FTP,-,IoC Detected,81.91,Alert Triggered,Intrusion,Known Pattern B,Logged,Medium,Vanya Sani,Mozilla/5.0 (Windows; U; Windows NT 5.2) AppleWebKit/535.47.2 (KHTML like Gecko) Version/4.0.3 Safari/535.47.2,Segment C,Chicago.Berlin,122.58.190.98,,Alert Data,Firewall
2024-05-13 04:33:22,55.130.184.135,148.86.90.15,7858,64532,TCP,1027,Data,DNS,-,,81.42,,DDoS,Known Pattern A,Logged,Low,Hazel Datta,Opera/9.44.(X11; Linux i686; bhb-IN) Presto/2.9.181 Version/12.00,Segment B,Latur.West Bengal,23.120.157.97,,Alert Data,Server
2024-05-13 18:04:54,133.179.7.82,63.159.80.150,22878,39802,TCP,849,Control,FTP,-,,88.95,,DDoS,Known Pattern B,Logged,High,Darshit Sehgal,Opera/8.93.(Windows NT 6.2; tn-ZA) Presto/2.9.187 Version/12.00,Segment C,Eluru.Rajasthan,,,Alert Data,Firewall
2024-05-13 15:13:20,153.223.235.200,10.201.66.232,2536,5465,TCP,1058,Control,FTP,-,,77.47,Alert Triggered,Intrusion,Known Pattern B,Blocked,High,Damini Basu,Mozilla/5.0 (Windows NT 10.0) AppleWebKit/533.1 (KHTML like Gecko) Chrome/16.0.876.0 Safari/533.1,Segment A,Chongqing.Vienna,,,,Server
2024-05-13 12:59:24,143.211.116.97,34.67.50.217,21374,19766,TCP,197,Control,DNS,-,,97.44,Alert Triggered,Intrusion,Known Pattern A,Logged,Medium,Indranil Sood,Mozilla/5.0 (iPod; U; CPU iPhone OS 4_0 like Mac OS X; om-KE) AppleWebKit/535.2.7 (KHTML like Gecko) Version/3.0.5 Mobile/8B111 Safari/6535.2.7,Segment A,Madrid.Vancouver,194.109.71.102,,,Firewall
2024-05-13 10:06:58,47.20.37.195,61.252.239.214,23268,40900,TCP,354,Control,FTP,-,IoC Detected,54.33,Alert Triggered,Malware,Known Pattern B,Blocked,Low,Zaina Raval,Mozilla/5.0 (Windows NT 6.0) AppleWebKit/535.1 (KHTML like Gecko) Chrome/35.0.864.0 Safari/535.1,Segment B,Suryapet.Kerala,,Log Data,Alert Data,Server
2024-05-13 06:11:25,188.62.251.77,82.178.48.130,31630,43880,UDP,993,Control,FTP,-,IoC Detected,99.91,,Malware,Known Pattern A,Blocked,High,Ishita Gala,Mozilla/5.0 (iPhone; CPU iPhone OS 10_3_3 like Mac OS X) AppleWebKit/536.1 (KHTML like Gecko) FxiOS/12.3g9816.0 Mobile/87H366 Safari/536.1,Segment C,Udupi.Punjab,85.134.253.56,,Alert Data,Firewall
2024-05-13 18:06:00,115.75.21.236,109.110.20.77,43571,24341,TCP,1452,Control,HTTP,-,,5.03,Alert Triggered,DDoS,Known Pattern A,Blocked,Medium,Ehsaan Sagar,Opera/9.23.(Windows NT 5.01; brx-IN) Presto/2.9.183 Version/11.00,Segment C,Paris.Madrid,16.84.154.195,,,Server
2024-05-13 20:01:13,166.8.176.91,127.99.221.21,46798,11002,TCP,860,Data,HTTP,-,,81.68,Alert Triggered,DDoS,Known Pattern B,Blocked,High,Kashvi Kunda,Mozilla/5.0 (Linux; Android 4.1) AppleWebKit/534.1 (KHTML like Gecko) Chrome/25.0.892.0 Safari/534.1,Segment B,Montreal.Amsterdam,102.79.25.103,Log Data,,Firewall
2024-05-13 13:07:59,132.44.101.245,89.2.56.190,20326,27002,ICMP,996,Control,FTP,-,,17.41,Alert Triggered,Intrusion,Known Pattern A,Blocked,Medium,Rohan Sule,Opera/8.31.(Windows NT 5.01; fi-FI) Presto/2.9.188 Version/11.00,Segment B,Madrid.Vancouver,,Log Data,Alert Data,Firewall
2024-05-13 20:59:59,172.80.121.132,77.177.27.136,61986,52515,TCP,765,Data,FTP,-,,29.26,,Intrusion,Known Pattern A,Logged,Medium,Oorja Sachdev,Mozilla/5.0 (X11; Linux x86_64; rv:1.9.7.20) Gecko/8471-11-18 16:05:26 Firefox/3.6.7,Segment B,Beijing.Lisbon,,Log Data,,Firewall
2024-05-13 06:33:12,238.153.60.255,128.228.224.246,50467,56466,ICMP,1143,Control,HTTP,-,IoC Detected,14.77,Alert Triggered,Intrusion,Known Pattern B,Ignored,Medium,Shray Jaggi,Mozilla/5.0 (Windows NT 5.01) AppleWebKit/535.1 (KHTML like Gecko) Chrome/15.0.894.0 Safari/535.1,Segment B,Beijing.Mizoram,,,,Firewall
2024-05-13 09:53:49,7.35.41.84,105.169.104.201,28105,36511,TCP,1417,Data,HTTP,-,,89.25,,Malware,Known Pattern A,Blocked,Low,Amira Bhagat,Mozilla/5.0 (iPhone; CPU iPhone OS 9_3_5 like Mac OS X) AppleWebKit/535.2 (KHTML like Gecko) CriOS/41.0.815.0 Mobile/75F689 Safari/535.2,Segment C,Amsterdam.Toronto,91.148.29.90,Log Data,,Server
2024-05-13 11:54:20,123.198.235.211,171.162.161.122,62478,21770,TCP,1160,Data,HTTP,-,,90.74,Alert Triggered,Intrusion,Known Pattern A,Ignored,Low,Jivika Gandhi,Mozilla/5.0 (iPhone; CPU iPhone OS 5_1_1 like Mac OS X) AppleWebKit/535.0 (KHTML like Gecko) FxiOS/9.7w3584.0 Mobile/47Q428 Safari/535.0,Segment B,Chongqing.Rome,146.98.38.232,,,Firewall
2024-05-13 21:22:16,185.209.197.157,229.218.237.216,24923,26399,TCP,893,Data,HTTP,-,,46.21,,Intrusion,Known Pattern A,Blocked,Medium,Jayesh Ramesh,Mozilla/5.0 (X11; Linux i686; rv:1.9.7.20) Gecko/2977-11-18 10:35:15 Firefox/3.8,Segment C,Atlanta.Shanghai,,Log Data,,Server
2024-05-13 11:58:35,111.155.226.187,78.87.4.169,47429,43690,TCP,225,Data,FTP,-,,38.3,Alert Triggered,Malware,Known Pattern B,Blocked,Low,Saanvi Venkataraman,Mozilla/5.0 (iPod; U; CPU iPhone OS 4_3 like Mac OS X; szl-PL) AppleWebKit/535.6.2 (KHTML like Gecko) Version/4.0.5 Mobile/8B116 Safari/6535.6.2,Segment C,Toronto.Madrid,218.63.52.142,,,Server
2024-05-13 04:52:45,160.131.55.155,186.79.67.255,19916,31001,TCP,182,Control,DNS,-,IoC Detected,52.93,Alert Triggered,Malware,Known Pattern B,Blocked,Medium,Sumer Sachdeva,Mozilla/5.0 (Android 4.1; Mobile; rv:32.0) Gecko/32.0 Firefox/32.0,Segment A,Brussels.Los Angeles,173.145.237.138,Log Data,Alert Data,Firewall
2024-05-13 17:00:15,195.151.134.141,69.73.128.217,2452,64325,TCP,1499,Data,HTTP,-,,96.9,Alert Triggered,Intrusion,Known Pattern B,Ignored,High,Sana Kashyap,Mozilla/5.0 (Windows CE; lt-LT; rv:1.9.0.20) Gecko/9468-03-11 08:20:05 Firefox/12.0,Segment B,Montreal.Atlanta,,,Alert Data,Server
2024-05-13 22:21:06,167.79.160.197,234.202.45.51,38142,32638,TCP,257,Control,DNS,-,IoC Detected,86.31,,Intrusion,Known Pattern B,Blocked,Low,Taran Kapur,Mozilla/5.0 (Macintosh; PPC Mac OS X 10_7_0) AppleWebKit/532.2 (KHTML like Gecko) Chrome/36.0.800.0 Safari/532.2,Segment B,Madhyamgram.Gujarat,,Log Data,,Server
2024-05-13 03:42:29,54.51.49.131,43.90.181.216,17410,1972,TCP,1007,Control,FTP,-,,94.07,Alert Triggered,Intrusion,Known Pattern B,Logged,Low,Navya Behl,Mozilla/5.0 (compatible; MSIE 9.0; Windows NT 5.1; Trident/3.1),Segment B,Madhyamgram.Shanghai,113.31.223.161,,,Server
2024-05-13 21:18:38,102.71.127.123,22.194.196.57,10949,37269,TCP,980,Control,HTTP,-,IoC Detected,88.17,Alert Triggered,Intrusion,Known Pattern A,Blocked,High,Samarth Hari,Opera/9.93.(X11; Linux i686; he-IL) Presto/2.9.178 Version/12.00,Segment B,Mexico City.Berlin,,Log Data,,Server
2024-05-13 02:40:08,125.212.13.52,34.131.242.201,36721,30420,UDP,203,Data,HTTP,-,,42.66,Alert Triggered,Intrusion,Known Pattern B,Ignored,Medium,Miraan Deol,Mozilla/5.0 (iPhone; CPU iPhone OS 4_2_1 like Mac OS X) AppleWebKit/534.2 (KHTML like Gecko) CriOS/28.0.852.0 Mobile/99C572 Safari/534.2,Segment A,Hangzhou.Madrid,60.47.255.76,,Alert Data,Server
2024-05-13 00:17:45,37.123.220.182,197.65.179.190,37156,22361,TCP,893,Control,FTP,-,IoC Detected,29.32,,Intrusion,Known Pattern B,Logged,Low,Shanaya Kothari,Mozilla/5.0 (Linux; Android 4.2.2) AppleWebKit/533.1 (KHTML like Gecko) Chrome/43.0.800.0 Safari/533.1,Segment A,Berlin.Beijing,176.111.11.132,Log Data,,Firewall
2024-05-13 03:18:56,238.198.107.31,33.101.216.64,32278,29869,TCP,912,Data,FTP,-,IoC Detected,49.21,,DDoS,Known Pattern B,Ignored,Medium,Hrishita Randhawa,Opera/9.77.(X11; Linux x86_64; ms-MY) Presto/2.9.181 Version/12.00,Segment B,Mexico City.Paris,109.227.220.240,,,Server
2024-05-13 00:55:52,38.200.217.158,121.137.114.156,23901,47601,ICMP,820,Data,HTTP,-,,53.04,Alert Triggered,Intrusion,Known Pattern A,Logged,Medium,Zeeshan Ahluwalia,Opera/8.65.(Windows 98; Win 9x 4.90; kk-KZ) Presto/2.9.170 Version/12.00,Segment B,Vellore.Assam,53.76.145.179,,Alert Data,Firewall
2024-05-13 15:01:19,197.158.92.17,225.164.98.48,59497,59237,TCP,518,Data,DNS,-,,99.2,Alert Triggered,DDoS,Known Pattern A,Blocked,Medium,Tushar Bhandari,Mozilla/5.0 (iPad; CPU iPad OS 4_2_1 like Mac OS X) AppleWebKit/533.0 (KHTML like Gecko) CriOS/61.0.811.0 Mobile/49H809 Safari/533.0,Segment B,Chengdu.London,157.41.50.243,Log Data,Alert Data,Firewall
2024-05-13 06:42:36,87.241.198.150,205.168.146.77,55170,9797,TCP,290,Data,DNS,-,IoC Detected,61.44,,Malware,Known Pattern A,Blocked,Medium,Taimur Mangat,Mozilla/5.0 (Macintosh; PPC Mac OS X 10_6_8 rv:3.0; fy-NL) AppleWebKit/533.13.7 (KHTML like Gecko) Version/4.0 Safari/533.13.7,Segment C,Vancouver.Vienna,187.93.222.40,Log Data,,Server
2024-05-13 08:10:15,114.173.229.168,84.191.197.110,44418,45638,UDP,385,Data,DNS,-,,33.84,Alert Triggered,Malware,Known Pattern B,Logged,Medium,Rati Raman,Mozilla/5.0 (X11; Linux x86_64; rv:1.9.7.20) Gecko/5276-02-06 05:25:40 Firefox/6.0,Segment B,Proddatur.Goa,,Log Data,Alert Data,Server
2024-05-13 23:32:17,75.141.105.95,130.67.61.156,40800,40638,TCP,835,Data,HTTP,-,,77.02,Alert Triggered,Intrusion,Known Pattern B,Blocked,High,Shaan Kaul,Mozilla/5.0 (iPhone; CPU iPhone OS 7_1_2 like Mac OS X) AppleWebKit/533.1 (KHTML like Gecko) FxiOS/10.5c7168.0 Mobile/95T106 Safari/533.1,Segment B,Cuttack.Chhattisgarh,108.65.163.97,,,Server
2024-05-13 08:50:11,221.180.99.83,31.4.91.215,16448,47424,TCP,1131,Data,DNS,-,IoC Detected,75.44,Alert Triggered,DDoS,Known Pattern A,Blocked,Medium,Indrans Brahmbhatt,Opera/8.52.(X11; Linux i686; yue-HK) Presto/2.9.162 Version/11.00,Segment A,Shivpuri.New York City,205.51.150.147,Log Data,,Server
2024-05-13 13:55:39,66.32.252.242,219.108.142.92,11246,35616,TCP,1138,Data,HTTP,-,IoC Detected,78.55,,DDoS,Known Pattern B,Blocked,High,Nishith Raj,Mozilla/5.0 (Macintosh; U; PPC Mac OS X 10_8_3) AppleWebKit/535.1 (KHTML like Gecko) Chrome/52.0.863.0 Safari/535.1,Segment B,Shanghai.West Bengal,173.204.186.54,Log Data,,Server
2024-05-13 13:57:41,115.250.54.153,30.106.15.158,10822,23825,UDP,152,Control,DNS,-,IoC Detected,69.42,Alert Triggered,DDoS,Known Pattern B,Blocked,Medium,Alia Kamdar,Opera/9.49.(Windows NT 5.0; br-FR) Presto/2.9.169 Version/12.00,Segment B,Chandigarh.Kerala,58.170.153.184,,,Firewall
2024-05-13 07:25:21,92.203.166.221,36.219.64.26,51445,33629,TCP,673,Control,HTTP,-,IoC Detected,64.42,Alert Triggered,Malware,Known Pattern B,Ignored,Medium,Lagan Setty,Mozilla/5.0 (Windows NT 6.0; te-IN; rv:1.9.1.20) Gecko/6939-03-09 13:15:55 Firefox/12.0,Segment B,Moradabad.Shanghai,23.99.169.103,Log Data,Alert Data,Server
2024-05-13 12:37:54,79.242.176.88,7.207.172.255,56776,62172,TCP,72,Data,HTTP,-,,64.97,Alert Triggered,Intrusion,Known Pattern B,Blocked,Medium,Jiya Ganesan,Opera/9.29.(X11; Linux x86_64; mai-IN) Presto/2.9.164 Version/10.00,Segment A,Miami.Brussels,245.105.56.106,Log Data,Alert Data,Server
2024-05-13 05:06:53,166.57.137.11,206.59.218.240,26314,42089,ICMP,807,Data,FTP,-,,74.58,,DDoS,Known Pattern B,Logged,Medium,Advik Rau,Mozilla/5.0 (Windows NT 5.2) AppleWebKit/535.1 (KHTML like Gecko) Chrome/57.0.879.0 Safari/535.1,Segment B,Athens.Shanghai,24.236.79.107,Log Data,,Firewall
2024-05-13 03:21:57,242.62.7.255,54.228.173.175,17858,41890,TCP,598,Control,DNS,-,,57.06,Alert Triggered,DDoS,Known Pattern B,Ignored,Low,Kimaya Subramaniam,Opera/8.50.(Windows NT 5.0; ku-TR) Presto/2.9.162 Version/10.00,Segment B,Los Angeles.Amsterdam,,,,Server
2024-05-13 17:52:41,144.235.185.129,217.255.80.20,31901,18733,TCP,692,Control,DNS,-,IoC Detected,89.29,Alert Triggered,DDoS,Known Pattern A,Logged,High,Devansh Bumb,Mozilla/5.0 (Macintosh; U; Intel Mac OS X 10_9_0) AppleWebKit/532.1 (KHTML like Gecko) Chrome/22.0.840.0 Safari/532.1,Segment A,Montreal.Atlanta,124.211.195.207,Log Data,,Server
2024-05-13 02:20:36,255.150.118.136,36.193.22.71,5430,11550,TCP,588,Control,DNS,-,IoC Detected,54.37,,DDoS,Known Pattern A,Blocked,Medium,Aniruddh Chowdhury,Opera/8.18.(Windows NT 10.0; zu-ZA) Presto/2.9.179 Version/10.00,Segment C,Amsterdam.Beijing,,Log Data,,Firewall
2024-05-13 08:03:26,113.231.173.216,251.110.33.163,45713,39073,TCP,756,Control,HTTP,-,IoC Detected,7.52,Alert Triggered,DDoS,Known Pattern A,Logged,Low,Shayak Chadha,Opera/8.46.(Windows NT 4.0; ms-MY) Presto/2.9.180 Version/11.00,Segment A,Amsterdam.Toronto,143.141.39.162,Log Data,,Firewall
2024-05-13 06:39:37,251.39.196.193,52.211.124.161,12425,55641,ICMP,1035,Data,FTP,-,,80.84,,Intrusion,Known Pattern A,Logged,Medium,Vardaniya Saraf,Opera/9.71.(X11; Linux x86_64; ayc-PE) Presto/2.9.181 Version/11.00,Segment C,Guangzhou.London,198.26.202.33,,Alert Data,Server
2024-05-13 14:38:52,94.5.63.2,22.229.135.143,57377,31309,UDP,295,Control,DNS,-,IoC Detected,84.47,,DDoS,Known Pattern B,Blocked,Medium,Rasha Chana,Opera/8.34.(Windows 95; my-MM) Presto/2.9.177 Version/12.00,Segment B,Aizawl.New York City,176.47.64.205,,Alert Data,Firewall
2024-05-13 11:46:04,33.228.74.235,250.57.197.53,38586,31651,TCP,818,Control,HTTP,-,,63.42,Alert Triggered,Intrusion,Known Pattern A,Blocked,Medium,Lakshit Joshi,Opera/8.11.(X11; Linux x86_64; ks-IN) Presto/2.9.166 Version/10.00,Segment A,Kurnool.Sikkim,,,,Firewall
2024-05-13 13:01:55,76.132.117.214,125.109.184.174,35555,54367,TCP,940,Control,DNS,-,,90.72,Alert Triggered,Malware,Known Pattern A,Ignored,High,Fateh Sarma,Mozilla/5.0 (Macintosh; U; PPC Mac OS X 10_12_0 rv:4.0; my-MM) AppleWebKit/535.22.3 (KHTML like Gecko) Version/5.1 Safari/535.22.3,Segment B,Madhyamgram.Gujarat,131.15.120.58,,Alert Data,Server
2024-05-13 20:14:49,232.43.164.76,81.18.165.77,38064,2526,TCP,214,Control,DNS,-,,68.26,,DDoS,Known Pattern B,Logged,Medium,Abram Balasubramanian,Opera/8.39.(Windows CE; li-BE) Presto/2.9.165 Version/10.00,Segment B,Xi'an.Toronto,220.165.166.189,Log Data,,Firewall
2024-05-13 20:41:37,118.7.224.89,7.247.46.197,27603,18728,TCP,758,Data,DNS,-,,87.1,,DDoS,Known Pattern B,Blocked,High,Mehul Mall,Opera/8.18.(Windows NT 10.0; zu-ZA) Presto/2.9.179 Version/10.00,Segment A,Chengdu.London,,Log Data,Alert Data,Firewall
2024-05-13 13:55:34,24.172.18.234,139.108.154.242,24585,22274,TCP,1417,Data,FTP,-,,78.91,,Intrusion,Known Pattern B,Ignored,Medium,Advika Andra,Mozilla/5.0 (iPhone; CPU iPhone OS 4_2_1 like Mac OS X) AppleWebKit/531.1 (KHTML like Gecko) FxiOS/18.5l1281.0 Mobile/52Y871 Safari/531.1,Segment B,Chandigarh.Jharkhand,,Log Data,Alert Data,Server
2024-05-13 19:24:06,46.68.12.67,88.199.122.221,7969,34168,TCP,936,Data,DNS,-,IoC Detected,71.08,,DDoS,Known Pattern A,Ignored,Low,Mohanlal Iyer,Mozilla/5.0 (Windows 98; ik-CA; rv:1.9.2.20) Gecko/2732-07-10 04:23:18 Firefox/3.8,Segment A,Shanghai.Paris,22.5.111.153,Log Data,,Firewall
2024-05-13 11:30:19,25.205.149.87,9.131.244.234,15057,23106,TCP,310,Control,FTP,-,,50.39,Alert Triggered,Malware,Known Pattern B,Blocked,Low,Gokul Sengupta,Mozilla/5.0 (Macintosh; U; Intel Mac OS X 10_5_1; rv:1.9.2.20) Gecko/7289-02-04 03:03:19 Firefox/3.6.14,Segment A,Aizawl.New York City,,,,Server
2024-05-13 16:53:46,205.18.12.206,154.253.32.20,61936,36053,TCP,1296,Data,HTTP,-,IoC Detected,75.95,Alert Triggered,DDoS,Known Pattern A,Ignored,Low,Aarush Soni,Mozilla/5.0 (X11; Linux x86_64; rv:1.9.6.20) Gecko/9369-09-14 20:05:47 Firefox/3.8,Segment C,Amsterdam.Beijing,,,Alert Data,Firewall
2024-05-13 02:09:45,153.36.177.193,135.142.185.48,18927,25130,TCP,503,Control,DNS,-,,51.31,Alert Triggered,Malware,Known Pattern A,Logged,Low,Sumer Goda,Mozilla/5.0 (iPod; U; CPU iPhone OS 4_0 like Mac OS X; si-LK) AppleWebKit/533.6.1 (KHTML like Gecko) Version/4.0.5 Mobile/8B118 Safari/6533.6.1,Segment B,Patna.Jharkhand,,,,Firewall
2024-05-13 18:44:46,124.97.88.169,48.44.74.246,58069,4161,TCP,553,Data,HTTP,-,IoC Detected,4.85,,Intrusion,Known Pattern B,Logged,Low,Piya Raj,Mozilla/5.0 (iPod; U; CPU iPhone OS 3_1 like Mac OS X; tl-PH) AppleWebKit/533.35.1 (KHTML like Gecko) Version/4.0.5 Mobile/8B117 Safari/6533.35.1,Segment C,Athens.Toronto,,,,Server
2024-05-13 16:17:28,172.158.55.9,30.198.122.205,4462,26098,TCP,1041,Data,HTTP,-,,73.87,Alert Triggered,DDoS,Known Pattern B,Blocked,Medium,Siya Zachariah,Mozilla/5.0 (iPod; U; CPU iPhone OS 4_3 like Mac OS X; doi-IN) AppleWebKit/532.26.3 (KHTML like Gecko) Version/3.0.5 Mobile/8B119 Safari/6532.26.3,Segment B,Miami.Brussels,,Log Data,Alert Data,Server
2024-05-13 14:50:29,185.104.201.31,223.148.69.72,6015,35258,ICMP,298,Data,HTTP,-,,98.96,,DDoS,Known Pattern B,Logged,High,Rania Hayer,Mozilla/5.0 (iPhone; CPU iPhone OS 12_4_8 like Mac OS X) AppleWebKit/534.0 (KHTML like Gecko) FxiOS/14.6b6021.0 Mobile/46A568 Safari/534.0,Segment C,Srinagar.Rajasthan,,,,Server
2024-05-13 14:14:38,190.224.201.246,22.136.227.4,15224,56207,TCP,1129,Control,DNS,-,,56.79,,Malware,Known Pattern B,Logged,Medium,Anay Lalla,Mozilla/5.0 (Macintosh; U; PPC Mac OS X 10_9_5) AppleWebKit/531.0 (KHTML like Gecko) Chrome/42.0.837.0 Safari/531.0,Segment A,Paris.Madrid,167.123.136.137,Log Data,Alert Data,Server
2024-05-13 22:23:06,131.81.83.14,218.89.75.45,57198,41674,TCP,270,Control,DNS,-,IoC Detected,88.29,Alert Triggered,Intrusion,Known Pattern B,Logged,High,Madhup Ahuja,Mozilla/5.0 (iPhone; CPU iPhone OS 9_3_6 like Mac OS X) AppleWebKit/536.2 (KHTML like Gecko) FxiOS/12.5m1505.0 Mobile/48O192 Safari/536.2,Segment C,Beijing.Los Angeles,136.78.18.110,,Alert Data,Firewall
2024-05-13 05:49:29,202.98.254.1,137.181.49.16,5355,8312,ICMP,1190,Data,FTP,-,,86.93,,DDoS,Known Pattern A,Ignored,Medium,Farhan Sathe,Opera/8.87.(X11; Linux i686; ia-FR) Presto/2.9.163 Version/10.00,Segment C,Vienna.New York City,,,,Firewall
2024-05-13 10:40:34,151.186.151.202,28.51.230.231,40016,14710,TCP,1189,Data,DNS,-,,81.41,Alert Triggered,DDoS,Known Pattern B,Blocked,High,Adira Taneja,Opera/8.44.(X11; Linux i686; ps-AF) Presto/2.9.189 Version/10.00,Segment B,Miami.Vancouver,69.224.60.86,Log Data,,Server
2024-05-13 03:42:24,255.110.145.215,221.36.179.11,45135,9778,TCP,1242,Data,FTP,-,IoC Detected,17.23,Alert Triggered,Intrusion,Known Pattern B,Logged,Medium,Vivaan Sankaran,Mozilla/5.0 (Macintosh; Intel Mac OS X 10_7_2 rv:3.0; tn-ZA) AppleWebKit/534.34.4 (KHTML like Gecko) Version/5.1 Safari/534.34.4,Segment A,Vancouver.Rome,2.222.161.66,,,Firewall
2024-05-13 20:44:38,203.215.115.162,4.171.252.211,59548,49325,TCP,803,Data,DNS,-,,92.0,,DDoS,Known Pattern B,Logged,High,Ryan Shere,Opera/8.61.(X11; Linux i686; kk-KZ) Presto/2.9.186 Version/11.00,Segment C,Shanghai.New York City,,,,Server
2024-05-13 06:41:25,212.82.73.137,207.253.9.82,30338,10954,UDP,695,Control,HTTP,-,,94.67,Alert Triggered,DDoS,Known Pattern B,Blocked,High,Dhanuk Bahri,Mozilla/5.0 (Windows NT 6.1) AppleWebKit/534.2 (KHTML like Gecko) Chrome/13.0.870.0 Safari/534.2,Segment B,Shanghai.Madhya Pradesh,,Log Data,,Firewall
2024-05-13 03:16:22,28.24.36.85,156.19.200.217,39080,48922,TCP,486,Control,FTP,-,,7.7,,Intrusion,Known Pattern A,Ignored,Medium,Trisha Seshadri,Mozilla/5.0 (X11; Linux x86_64) AppleWebKit/532.0 (KHTML like Gecko) Chrome/16.0.872.0 Safari/532.0,Segment C,Udupi.Punjab,,Log Data,Alert Data,Firewall
2024-05-13 21:41:42,150.55.172.233,99.23.10.148,58109,6349,ICMP,1170,Data,DNS,-,,76.62,Alert Triggered,Malware,Known Pattern B,Blocked,Medium,Chirag Chadha,Opera/9.88.(X11; Linux i686; hr-HR) Presto/2.9.169 Version/12.00,Segment A,Rome.Atlanta,,,,Firewall
2024-05-13 05:14:31,31.140.141.17,20.172.149.228,34695,50737,ICMP,1233,Control,FTP,-,,35.07,Alert Triggered,Intrusion,Known Pattern A,Ignored,Low,Riaan Lal,Mozilla/5.0 (Windows NT 5.01; sl-SI; rv:1.9.2.20) Gecko/7012-06-23 19:55:25 Firefox/6.0,Segment B,Rome.Atlanta,,,,Server
2024-05-13 01:45:25,255.129.42.210,9.7.209.242,5511,64073,TCP,1444,Data,DNS,-,IoC Detected,85.98,,Malware,Known Pattern A,Blocked,Medium,Adah Srinivasan,Mozilla/5.0 (Windows NT 10.0; mag-IN; rv:1.9.1.20) Gecko/7435-09-15 03:53:33 Firefox/3.6.9,Segment B,Bangalore.Madrid,196.8.236.35,Log Data,,Server
2024-05-13 23:01:53,84.70.116.161,216.186.123.175,61769,8431,TCP,1116,Control,DNS,-,IoC Detected,64.66,,Malware,Known Pattern A,Blocked,Medium,Zaina Bhavsar,Mozilla/5.0 (Macintosh; PPC Mac OS X 10_12_8 rv:3.0; mni-IN) AppleWebKit/531.11.1 (KHTML like Gecko) Version/5.1 Safari/531.11.1,Segment A,Chicago.Berlin,17.156.138.88,,,Firewall
2024-05-13 07:47:04,136.36.63.195,116.156.255.27,3990,58003,UDP,193,Control,HTTP,-,,83.42,Alert Triggered,Intrusion,Known Pattern A,Logged,High,Aayush Setty,Mozilla/5.0 (X11; Linux i686) AppleWebKit/532.0 (KHTML like Gecko) Chrome/19.0.838.0 Safari/532.0,Segment B,Mexico City.Berlin,,,Alert Data,Firewall
2024-05-13 10:57:45,247.53.78.52,148.192.136.186,43332,21695,UDP,228,Control,HTTP,-,IoC Detected,67.97,Alert Triggered,Malware,Known Pattern A,Blocked,Low,Prisha Mand,Mozilla/5.0 (Windows; U; Windows NT 5.0) AppleWebKit/534.35.5 (KHTML like Gecko) Version/5.0.2 Safari/534.35.5,Segment A,Shenzhen.Toronto,64.106.109.165,,Alert Data,Server
2024-05-13 04:12:10,49.70.216.26,200.166.30.42,4631,54883,TCP,1231,Data,HTTP,-,IoC Detected,80.36,Alert Triggered,DDoS,Known Pattern B,Blocked,High,Ranbir Swamy,Mozilla/5.0 (Windows; U; Windows NT 6.2) AppleWebKit/532.31.2 (KHTML like Gecko) Version/4.0 Safari/532.31.2,Segment A,Amsterdam.Paris,,,,Server
2024-05-13 01:18:04,215.85.231.155,52.90.201.124,11975,44871,UDP,545,Data,DNS,-,IoC Detected,4.92,,Malware,Known Pattern A,Logged,Medium,Sana Chaudhary,Opera/8.49.(X11; Linux x86_64; ti-ER) Presto/2.9.176 Version/12.00,Segment B,Montreal.Atlanta,,,,Server
2024-05-13 08:49:11,178.238.168.140,37.69.206.149,33091,60694,TCP,1261,Data,FTP,-,,93.72,,Intrusion,Known Pattern B,Ignored,High,Hrishita Sarna,Mozilla/5.0 (iPad; CPU iPad OS 5_1_1 like Mac OS X) AppleWebKit/531.2 (KHTML like Gecko) FxiOS/12.3b4566.0 Mobile/31V143 Safari/531.2,Segment B,Toronto.Madrid,130.185.197.20,,Alert Data,Firewall
2024-05-13 17:19:44,153.138.39.32,82.243.190.194,1739,37135,ICMP,142,Data,FTP,-,IoC Detected,79.98,,DDoS,Known Pattern B,Blocked,High,Aradhya Johal,Mozilla/5.0 (iPad; CPU iPad OS 14_2_1 like Mac OS X) AppleWebKit/535.2 (KHTML like Gecko) CriOS/59.0.858.0 Mobile/44E206 Safari/535.2,Segment C,New York City.Paris,221.93.226.221,Log Data,Alert Data,Server
2024-05-13 03:58:26,134.218.90.54,28.242.8.21,27831,9362,TCP,302,Data,FTP,-,,40.33,Alert Triggered,DDoS,Known Pattern A,Ignored,Low,Keya Manda,Mozilla/5.0 (Macintosh; PPC Mac OS X 10_6_5 rv:5.0; mhr-RU) AppleWebKit/532.25.6 (KHTML like Gecko) Version/4.0.5 Safari/532.25.6,Segment A,New York City.Vienna,,Log Data,Alert Data,Server
2024-05-13 21:56:09,30.234.125.216,250.79.37.53,45409,59181,TCP,825,Data,FTP,-,,97.47,Alert Triggered,DDoS,Known Pattern A,Ignored,High,Rhea Luthra,Opera/8.85.(X11; Linux i686; ss-ZA) Presto/2.9.176 Version/11.00,Segment A,Hangzhou.Brussels,152.210.24.32,,Alert Data,Firewall
2024-05-13 22:10:12,12.119.195.49,139.105.48.151,44654,48440,TCP,913,Data,HTTP,-,,18.17,Alert Triggered,Intrusion,Known Pattern A,Blocked,Low,Mohanlal Shanker,Mozilla/5.0 (iPod; U; CPU iPhone OS 4_3 like Mac OS X; br-FR) AppleWebKit/535.49.6 (KHTML like Gecko) Version/4.0.5 Mobile/8B118 Safari/6535.49.6,Segment B,Patna.Jharkhand,,Log Data,,Server
2024-05-13 10:21:34,76.42.108.99,176.22.221.183,22445,64920,TCP,1160,Data,DNS,-,,62.96,Alert Triggered,Intrusion,Known Pattern A,Blocked,Medium,Pari Khosla,Opera/8.48.(Windows 98; Win 9x 4.90; dv-MV) Presto/2.9.171 Version/11.00,Segment B,Athens.Shanghai,26.57.183.6,,,Server
2024-05-13 19:56:04,28.52.76.25,222.18.50.135,27345,49671,UDP,742,Data,HTTP,-,IoC Detected,63.81,,DDoS,Known Pattern B,Logged,Low,Lakshit Joshi,Opera/9.20.(Windows 95; li-NL) Presto/2.9.187 Version/10.00,Segment B,Berlin.Toronto,131.129.37.26,,,Firewall
2024-05-13 00:12:59,68.253.28.186,24.72.248.223,33426,20397,ICMP,933,Data,DNS,-,,5.22,Alert Triggered,Intrusion,Known Pattern B,Ignored,Low,Manikya Arya,Mozilla/5.0 (Windows; U; Windows NT 5.1) AppleWebKit/533.28.6 (KHTML like Gecko) Version/5.0 Safari/533.28.6,Segment A,Athens.Vancouver,154.49.228.40,,,Server
2024-05-13 04:54:15,57.134.246.15,49.143.242.219,17279,36182,TCP,1473,Data,DNS,-,IoC Detected,56.26,Alert Triggered,DDoS,Known Pattern A,Blocked,Medium,Divit Lal,Mozilla/5.0 (X11; Linux x86_64) AppleWebKit/532.1 (KHTML like Gecko) Chrome/36.0.863.0 Safari/532.1,Segment B,Rome.Houston,86.46.30.227,,Alert Data,Server
2024-05-13 20:34:50,200.248.67.150,228.202.253.217,32403,53997,TCP,1159,Control,HTTP,-,IoC Detected,94.02,Alert Triggered,DDoS,Known Pattern A,Logged,Medium,Neelofar Sarkar,Opera/8.29.(X11; Linux x86_64; tt-RU) Presto/2.9.188 Version/11.00,Segment C,Toronto.Shanghai,95.94.89.113,,,Firewall
2024-05-13 22:18:45,62.6.140.0,18.150.29.168,19439,33870,UDP,146,Data,HTTP,-,IoC Detected,9.49,,Malware,Known Pattern B,Logged,Low,Himmat Sur,Mozilla/5.0 (Windows; U; Windows NT 6.1) AppleWebKit/535.22.5 (KHTML like Gecko) Version/4.1 Safari/535.22.5,Segment A,London.Vancouver,89.32.251.107,Log Data,Alert Data,Server
2024-05-13 23:13:44,34.28.126.162,230.59.75.100,45600,32386,UDP,341,Control,DNS,-,,75.99,Alert Triggered,DDoS,Known Pattern B,Ignored,High,Darshit Bhattacharyya,Mozilla/5.0 (Windows NT 5.1; ar-MA; rv:1.9.1.20) Gecko/9291-06-17 01:04:39 Firefox/3.6.4,Segment A,Ajmer.Goa,,,Alert Data,Server
2024-05-13 00:56:29,85.229.239.155,212.222.3.91,58846,9951,TCP,1162,Control,HTTP,-,IoC Detected,25.9,Alert Triggered,Malware,Known Pattern A,Ignored,Medium,Tarini Agarwal,Mozilla/5.0 (iPhone; CPU iPhone OS 5_1_1 like Mac OS X) AppleWebKit/531.1 (KHTML like Gecko) FxiOS/17.3v5420.0 Mobile/60H902 Safari/531.1,Segment C,Xi'an.Chicago,173.225.55.153,Log Data,,Server
2024-05-13 01:26:38,101.220.209.160,33.144.248.207,44814,6857,ICMP,449,Control,FTP,-,,86.4,Alert Triggered,Malware,Known Pattern B,Logged,High,Biju Deshmukh,Opera/9.56.(Windows NT 4.0; bn-IN) Presto/2.9.176 Version/12.00,Segment C,Atlanta.Madrid,136.113.30.79,Log Data,,Firewall
2024-05-13 11:08:40,34.145.227.234,140.185.228.150,28169,28275,TCP,1450,Control,DNS,-,IoC Detected,59.91,,Intrusion,Known Pattern A,Blocked,Medium,Vaibhav Apte,Opera/9.52.(Windows NT 6.1; ik-CA) Presto/2.9.177 Version/11.00,Segment A,Madrid.Vancouver,,Log Data,Alert Data,Server
2024-05-13 02:44:25,196.202.71.25,218.183.155.3,59912,31588,TCP,172,Data,DNS,-,IoC Detected,37.88,Alert Triggered,Malware,Known Pattern B,Logged,Low,Baiju Taneja,Mozilla/5.0 (Macintosh; U; PPC Mac OS X 10_6_9; rv:1.9.5.20) Gecko/6707-08-25 13:41:57 Firefox/5.0,Segment B,Satna.Andhra Pradesh,,Log Data,Alert Data,Firewall
2024-05-13 02:02:23,146.46.46.198,3.243.250.122,54064,28315,TCP,845,Data,DNS,-,,53.75,Alert Triggered,Intrusion,Known Pattern B,Logged,Medium,Ehsaan Atwal,Mozilla/5.0 (Windows 95) AppleWebKit/535.1 (KHTML like Gecko) Chrome/43.0.883.0 Safari/535.1,Segment A,Miami.Vancouver,167.75.6.32,Log Data,Alert Data,Firewall
2024-05-13 12:41:01,227.17.192.251,39.128.188.126,59137,6797,TCP,388,Data,HTTP,-,,90.41,Alert Triggered,DDoS,Known Pattern A,Blocked,Medium,Saksham Biswas,Mozilla/5.0 (Windows NT 4.0; ar-DZ; rv:1.9.2.20) Gecko/8671-08-27 22:58:34 Firefox/4.0,Segment C,Thiruvananthapuram.Madrid,,Log Data,Alert Data,Server
2024-05-13 03:45:08,69.132.51.118,149.245.104.250,19533,44379,TCP,1214,Control,HTTP,-,,15.39,Alert Triggered,Malware,Known Pattern B,Blocked,Medium,Jayant Dass,Mozilla/5.0 (Linux; Android 4.1) AppleWebKit/534.2 (KHTML like Gecko) Chrome/39.0.891.0 Safari/534.2,Segment B,Shanghai.New York City,,,,Firewall
2024-05-13 22:46:17,209.225.215.2,144.64.146.207,15152,61536,UDP,388,Data,FTP,-,IoC Detected,22.57,Alert Triggered,Intrusion,Known Pattern A,Ignored,Medium,Jivin Reddy,Opera/9.70.(X11; Linux i686; cy-GB) Presto/2.9.174 Version/10.00,Segment C,Shanghai.Paris,177.180.157.160,,,Firewall
2024-05-13 13:08:28,14.59.208.255,164.178.33.15,54899,22525,TCP,1486,Data,HTTP,-,,98.05,Alert Triggered,DDoS,Known Pattern B,Blocked,High,Ivana Chaudhari,Mozilla/5.0 (Windows; U; Windows NT 10.0) AppleWebKit/534.6.1 (KHTML like Gecko) Version/5.0.1 Safari/534.6.1,Segment A,Siwan.Uttar Pradesh,,,,Firewall
2024-05-13 10:02:02,226.56.231.39,33.195.126.126,35683,29949,TCP,1391,Data,FTP,-,,87.97,Alert Triggered,DDoS,Known Pattern A,Ignored,Medium,Adira Kota,Mozilla/5.0 (Windows; U; Windows NT 4.0) AppleWebKit/534.42.4 (KHTML like Gecko) Version/5.1 Safari/534.42.4,Segment B,Aizawl.New York City,,Log Data,Alert Data,Firewall
2024-05-13 06:07:36,167.45.52.17,81.121.163.100,25684,18939,TCP,147,Data,HTTP,-,,79.43,Alert Triggered,Intrusion,Known Pattern A,Blocked,High,Vidur Rau,Mozilla/5.0 (iPhone; CPU iPhone OS 12_4_8 like Mac OS X) AppleWebKit/532.0 (KHTML like Gecko) FxiOS/11.9x2434.0 Mobile/22S613 Safari/532.0,Segment B,Athens.Guangzhou,22.43.202.118,Log Data,,Server
2024-05-13 07:56:17,233.5.163.138,190.204.43.227,23866,47178,ICMP,1298,Data,FTP,-,,9.14,,Intrusion,Known Pattern A,Logged,Medium,Raghav Shankar,Mozilla/5.0 (Macintosh; U; PPC Mac OS X 10_11_0; rv:1.9.2.20) Gecko/7564-03-19 05:01:28 Firefox/3.6.10,Segment C,Agartala.Maharashtra,,Log Data,,Server
2024-05-13 13:50:14,75.149.144.192,221.110.173.46,32946,26136,TCP,586,Data,DNS,-,,49.7,,Malware,Known Pattern B,Ignored,Low,Faiyaz Bhargava,Mozilla/5.0 (Windows NT 6.2) AppleWebKit/532.0 (KHTML like Gecko) Chrome/58.0.805.0 Safari/532.0,Segment C,Montreal.Atlanta,,Log Data,,Server
2024-05-13 10:41:59,132.126.190.177,208.241.194.116,11789,39153,UDP,1141,Control,DNS,-,IoC Detected,12.4,,Intrusion,Known Pattern B,Ignored,Low,Taimur Vaidya,Mozilla/5.0 (Linux; Android 4.2.2) AppleWebKit/533.0 (KHTML like Gecko) Chrome/19.0.894.0 Safari/533.0,Segment A,Karnal.Chhattisgarh,,Log Data,Alert Data,Firewall
2024-05-13 01:29:23,77.39.64.221,71.155.188.16,32267,49079,TCP,307,Data,DNS,-,,11.26,Alert Triggered,DDoS,Known Pattern A,Ignored,Low,Yasmin Mahajan,Mozilla/5.0 (X11; Linux x86_64; rv:1.9.6.20) Gecko/4786-11-12 06:23:40 Firefox/3.6.7,Segment C,Montreal.Madrid,120.224.18.180,,Alert Data,Server
